<?xml version="1.0" encoding="UTF-8"?>
<jmeterTestPlan version="1.2" properties="5.0" jmeter="5.6.3">
  <hashTree>
    <TestPlan guiclass="TestPlanGui" testclass="TestPlan" testname="Audit Management System - System Log Reliability Under Concurrent Access" enabled="true">
      <stringProp name="TestPlan.comments">Performance test for Audit Management System system log reliability under concurrent access. Configure endpoint and authentication as per your environment.</stringProp>
      <boolProp name="TestPlan.functional_mode">false</boolProp>
      <boolProp name="TestPlan.serialize_threadgroups">false</boolProp>
    </TestPlan>
    <hashTree>
      <ThreadGroup guiclass="ThreadGroupGui" testclass="ThreadGroup" testname="Concurrent Log Retrieval Users" enabled="true">
        <stringProp name="ThreadGroup.on_sample_error">continue</stringProp>
        <elementProp name="ThreadGroup.main_controller" elementType="LoopController" guiclass="LoopControlPanel">
          <boolProp name="LoopController.continue_forever">false</boolProp>
          <stringProp name="LoopController.loops">1</stringProp>
        </elementProp>
        <stringProp name="ThreadGroup.num_threads">${USER_COUNT}</stringProp>
        <stringProp name="ThreadGroup.ramp_time">${RAMP_UP}</stringProp>
        <longProp name="ThreadGroup.start_time">${START_TIME}</longProp>
        <longProp name="ThreadGroup.end_time">${END_TIME}</longProp>
        <boolProp name="ThreadGroup.scheduler">false</boolProp>
      </ThreadGroup>
      <hashTree>
        <!-- TODO: Configure authentication (login/token) if required -->
        <!-- Example: Add HTTP Request sampler for login, extract token, and use in subsequent requests -->
        
        <!-- System Log Retrieval Sampler -->
        <HTTPSamplerProxy guiclass="HttpTestSampleGui" testclass="HTTPSamplerProxy" testname="Retrieve System Logs" enabled="true">
          <elementProp name="HTTPsampler.Arguments" elementType="Arguments">
            <collectionProp name="Arguments.arguments"/>
          </elementProp>
          <stringProp name="HTTPSampler.domain">${TARGET_DOMAIN}</stringProp>
          <stringProp name="HTTPSampler.port">${TARGET_PORT}</stringProp>
          <stringProp name="HTTPSampler.protocol">${TARGET_PROTOCOL}</stringProp>
          <stringProp name="HTTPSampler.path">/api/audit/logs</stringProp>
          <stringProp name="HTTPSampler.method">GET</stringProp>
          <boolProp name="HTTPSampler.postBodyRaw">false</boolProp>
        </HTTPSamplerProxy>
        <hashTree>
          <HeaderManager guiclass="HeaderPanel" testclass="HeaderManager" testname="HTTP Header Manager" enabled="true">
            <collectionProp name="HeaderManager.headers">
              <!-- TODO: Add authentication headers if required, e.g., Bearer token -->
              <!-- <elementProp name="Authorization" elementType="Header">
                <stringProp name="Header.name">Authorization</stringProp>
                <stringProp name="Header.value">Bearer ${AUTH_TOKEN}</stringProp>
              </elementProp> -->
              <elementProp name="Accept" elementType="Header">
                <stringProp name="Header.name">Accept</stringProp>
                <stringProp name="Header.value">application/json</stringProp>
              </elementProp>
            </collectionProp>
          </HeaderManager>
          <hashTree/>
          <!-- Response Assertion: HTTP 200 and basic content check -->
          <ResponseAssertion guiclass="AssertionGui" testclass="ResponseAssertion" testname="Log Retrieval Success Assertion" enabled="true">
            <collectionProp name="Asserion.test_strings">
              <stringProp>200</stringProp>
            </collectionProp>
            <stringProp name="Assertion.test_field">Assertion.response_code</stringProp>
            <boolProp name="Assertion.assume_success">false</boolProp>
            <intProp name="Assertion.test_type">2</intProp>
          </ResponseAssertion>
          <hashTree/>
          <!-- TODO: Add further assertions for log content integrity if log format is known -->
        </hashTree>
        <!-- Add Constant Timer for pacing if required -->
        <!-- <ConstantTimer guiclass="ConstantTimerGui" testclass="ConstantTimer" testname="Think Time" enabled="true">
          <stringProp name="ConstantTimer.delay">${THINK_TIME}</stringProp>
        </ConstantTimer>
        <hashTree/> -->
      </hashTree>
      <!-- Listeners for result collection -->
      <ResultCollector guiclass="ViewResultsFullVisualizer" testclass="ResultCollector" testname="View Results Tree" enabled="true">
        <boolProp name="ResultCollector.error_logging">false</boolProp>
        <objProp>
          <name>saveConfig</name>
          <value class="SampleSaveConfiguration">
            <time>true</time>
            <latency>true</latency>
            <timestamp>true</timestamp>
            <success>true</success>
            <label>true</label>
            <code>true</code>
            <message>true</message>
            <threadName>true</threadName>
            <dataType>true</dataType>
            <encoding>false</encoding>
            <assertions>true</assertions>
            <subresults>false</subresults>
            <responseData>false</responseData>
            <samplerData>false</samplerData>
            <xml>false</xml>
            <fieldNames>true</fieldNames>
            <responseHeaders>false</responseHeaders>
            <requestHeaders>false</requestHeaders>
            <responseDataOnError>false</responseDataOnError>
            <saveAssertionResultsFailureMessage>true</saveAssertionResultsFailureMessage>
            <bytes>true</bytes>
            <sentBytes>true</sentBytes>
            <url>true</url>
            <threadCounts>true</threadCounts>
            <idleTime>true</idleTime>
            <connectTime>false</connectTime>
          </value>
        </objProp>
        <stringProp name="filename"></stringProp>
      </ResultCollector>
      <hashTree/>
      <ResultCollector guiclass="SummaryReport" testclass="ResultCollector" testname="Summary Report" enabled="true">
        <boolProp name="ResultCollector.error_logging">false</boolProp>
        <objProp>
          <name>saveConfig</name>
          <value class="SampleSaveConfiguration">
            <time>true</time>
            <latency>true</latency>
            <timestamp>true</timestamp>
            <success>true</success>
            <label>true</label>
            <code>true</code>
            <message>true</message>
            <threadName>true</threadName>
            <dataType>true</dataType>
            <encoding>false</encoding>
            <assertions>true</assertions>
            <subresults>false</subresults>
            <responseData>false</responseData>
            <samplerData>false</samplerData>
            <xml>false</xml>
            <fieldNames>true</fieldNames>
            <responseHeaders>false</responseHeaders>
            <requestHeaders>false</requestHeaders>
            <responseDataOnError>false</responseDataOnError>
            <saveAssertionResultsFailureMessage>true</saveAssertionResultsFailureMessage>
            <bytes>true</bytes>
            <sentBytes>true</sentBytes>
            <url>true</url>
            <threadCounts>true</threadCounts>
            <idleTime>true</idleTime>
            <connectTime>false</connectTime>
          </value>
        </objProp>
        <stringProp name="filename">log_reliability_summary.csv</stringProp>
      </ResultCollector>
      <hashTree/>
    </hashTree>
  </hashTree>
</jmeterTestPlan>